S. NO,BSC NAME,DISTRICT,BSC No.,DATED,VALID UPTO
1,"GH, Thiruthuraipoondi ",Nagapattinam,15,24.03.2004,23.03.2018
2,"GH, Thirukoilur",Villupuram,16,24.03.2012 ,23.03.2018
3,"GH, Sathyamangalam ",Erode,18,24.03.2004 ,23.03.2018
4,"GH, Lalgudi ",Tiruchi,20,24.03.2004,23.03.2018
5,"GH, Cheyyar",Tiruvannamalai,21,25.03.2004,24.03.2018
6,"GH, Paramakudi",Ramanathapuram,26,20.07.2004,19.07.2018
7,"GH, Kulithalai ",Karur,27,20.07.2004 ,19.07.2018
8,"GH, Jeyankondan.",Perambalur,29,21.07.2004,20.07.2008
9,"GH, Mannargudi",Thiruvarur,30,21.07.2004 ,20.07.2018
10,"GH, Ponneri",Thiruvallur,31,21.07.2004 ,20.07.2018
11,"GH, Tiruttani",Thiruvallur,32,21.07.2004,20.07.2018
12,"GH, Arni",Tiruvannamalai,33,02.07.2004, 01.07.2018
13,"GH, Bodinaickanur ",Theni,36,12.08.2004,11.08.2018
14,"GH,  Ariyalur",Perambalur,37,13.08.2004,12.08.2010
15,"GH, Melur",Madurai,39,25.08.2004,24.08.2018
16,"GH, Srirangam ",Tiruchi,43,23.09.2004,22.09.2018
17,"GH, Thirupathur (Maruthapandiar)",Sivaganga,46,25.11.2004,24.11.2018
18,"GH, Alangudi.",Pudukottai ,48,21.12.2004,24.01.2010
19,"GH, Thirumangalam ",Madurai ,50,25.01.2005,24.01.2019
20,"GH, Thiruchendur ",Tirunelveli ,51,25.01.2005,24.01.2017
21,"GH, Kangeyam",Erode ,57,31.08.2005,30.08.2017
22,"GH, Bhavani",Erode ,58,31.08.2005,30.08.2018
23,"Govt.Hospital.of Thoracic Medicine, ",Kancheepuram,59,31.08.2005,30.08.2017
24,"GH,  Boothapandi ",Kanyakumari ,63,26.09.2005,25.09.2017
25,"GH,  Harur ",Dharmapuri,64,04.10.2005,03.10.2019
26,"Corporation 24hrs Emergeoay Obstetric Care Unit,  Saidapet",Chennai,65,11.11.2005,10.11.2019
27,"Chennai Corporation, Perumalpet 24hrs Emergency Obstetric Care unit, Purasavalkem Ch-600007",Chennai,66,22.11.2005,21.11.2019
28,"GH, Sirkali",Nagapathiram ,69,30.11.2005,29.11.2017
29,"GH, Gingee",Villupuram ,73,29.12.2005,28.12.2013
30,"GH, Cumbum",Theni,91,26.06.2007,25.06.2019
31,"GPHC, Banavaram,",Vellore,94,06.12.2007,05.12.2019
32,"GH, Musiri",Trichy,95,05.02.2008,04.02.2018
33,"GPHC, Anaicut.",Vellore,96,05.02.2008,04.02.2018
34,"GPHC, Kaliyarkoil",Sivaganga ,106,29.05.2008,28.05.2018
35,"GPHC, Thogaimalai",Karur,107,29.05.2008,28.05.2016
36,"GPHC, Kadayampetti.",Salem,108,30.05.2008,29.05.2018
37,"GPHC, Medavakkam,",Chennai,110,18.06.2008,17.06.2018
38,"GPHC, Peranamallur",Tiruvanamalai,112,16.07.2008,15.07.2012
39,"GPHC, Acharapakkam",Kancheepuram,113,16.07.2008,15.07.2014
40,"GPHC, Kosavapatti, ",Dindugal,115,24.09.2008,23.09.2018
41,"GPHC, Valathi",Villupuram,119,29.10.2008,28.10.2018
42,"GPHC,Erwadi",Ramanathapurm ,120,29.10.2008,28.10.2012
43,"Upgraded 24 Hours PHC, Puthanatham Manapparai Blood, Manapparai T.K, Trichy District",Trichy,125,04.03.2009,03.03.2011
44,"GPHC, Kuruvikulam",Tirunelveli,126,04.03.2009,03.03.2019
45,"GPHC, Budalur ",Thanjavur,129,08.05.2009,07.05.2011
46,"GH, Devakottai",Sivagangai,131,09.10.2009,08.10.2019
47,"GH, Srivilliputhur,",Virudhunagar,134,15.02.2010,14.02.2018
48,"GPHC, Thadikarankonam,",Kanyakumari,136,02.06.2010,01.06.2012
49,"GPHC, Edaicode ",Kanyakumari,137,02.06.2010,01.06.2018
50,"GPHC, Agasteeswaram",Kanyakumari,138,02.06.2010,01.06.2018
51,"GUPHC,  Chenbagaramanputhoor ",Kanyakumari,139,02.06.2010,01.06.2012
52,GPHC. Eral,Thoothukudi,140,10.06.2010,09.06.2018
53,GPHC Alwarthiru Nagari,Thoothukudi,141,10.06.2010,09.06.2018
54,GPHC Erayamangalam ,Namakkal,144,15.07.2010,14.07.2018
55,GPHC.Erumapathy,Namakkal,145,15.07.2010,14.07.2018
56,GPHC. Belukurichi,Namakkal,146,15.07.2010,14.07.2018
57,GPHC Vinaitheerthapuram ,Namakkal,147,15.07.2010,14.07.2018
58,"GPHC, Manickampalayam, ",Namakkal,148,15.07.2010,14.07.2018
59,"GPHC,Kokkarayanpettai ",Namakkal,149,15.07.2010,14.07.2018
60,"GUPHC, Mohanur",Namakkal,150,15.07.2010,14.07.2018
61,"GPHC, Vaiyampatti",Trichy,151,22.07.2010,21.07.2012
62,"GPHC, Kulumani ",Trichy,152,22.07.2010,21.07.2018
63,"GPHC, Pullambadi",Trichy,153,22.07.2010,21.07.2012
64,"GPHC, Sirugambur ",Trichy,154,22.07.2010,21.07.2012
65,"GPHC, Thathaiyengarpet, ",Trichy,155,22.07.2010,21.07.2018
66,"GPHC, Uthamanur ",Trichy,156,22.07.2010,21.07.2012
67,"GPHC, Uppliapuram",Trichy,157,22.07.2010,21.07.2014
68,"GH, Kuzhithurai",KK,159,23.07.2010,22.07.2018
69,"GPHC,  Vellakovil.",Tiruppur ,160,30.07.2010,29.07.2018
70,"GUPHC,  Namagiripet , ",Namakkal ,161,30.07.2010,29.07.2018
71,"GPHC, Chennimalai",Erode,162,05.08.2010,04.08.2016
72,"GPHC,  Sivagiri - 638 109",Erode,163,05.08.2010,04.08.2018
73,"GH, Vanadavasi",Tiruvanamalai ,165,28.08.2010,27.08.2018
74,"GPHC,  Shoolagiri 635 117.",Krishnagiri,166,07.09.2010,06.09.2016
75,"GPHC,  Kunnathur ",Tirupur ,167,22.09.2010,21.09.2016
76,"GPHC, Modakkurichi - 638 104",Erode,168,22.09.2010,21.09.2014
77,"GPHC,  Punnai ",Vellore,169,01.10.2010,30.09.2018
78,"GPHC, Nagalapuram 628 904",Thoothukudi ,170,01.10.2010,30.09.2018
79,"GPHC,  Lalapet ",Vellore,171,01.10.2010,30.09.2018
80," GUPHC, Kalugumalai 625552",Thoothukudi,172,01.10.2010,30.09.2016
81,"GPHC,  Kumaralingam.",Tiruppur ,173,01.10.2010,30.09.2018
82,"GPHC,  Thimiri ",Vellore,174,01.10.2010,30.09.2016
83,"GPHC, Odukathur ",Vellore,175,01.10.2010,30.09.2018
84,"GPHC,  Pallikonda",Vellore,176,01.10.2010,30.09.2018
85,"GPHC, Perumanallur - 641666",Tiruppur ,177,25.10.2010,24.10.2016
86,"GPHC, Sayalgudi -623 120 ",Ramanad ,178,25.10.2010,24.10.2018
87,"GH,  Palacode ",Dharmapuri ,179,25.10.2010,24.10.2018
88,"GPHC,  Nambiyur ",Erode,180,08.11.2010,07.11.2012
89,"GPHC,  Thalavadi",Erode,181,08.11.2010,07.11.2018
90,"GPHC,  Kugalur - 638 313 ",Erode,182,08.11.2012,07.11.2016
91,"GUPHC, Pongalur 641 667",Tirupur,183,24.11.2010,23.11.2018
92,"GUPHC,  Somanur",Tirupur ,184,24.11.2010,23.11.2012
93,"GPHC,  Perambakkam ",Tiruvallur ,185,16.12.2010,15.12.2016
94,"GUPHC, Thiruchuli Taluk, ",Virudhunagar ,186,16.12.2010,15.12.2016
95,"GCHC,  Andimadam -621801",Ariyalur ,187,31.12.2010,30.12.2018
96,"GPHC,  Andakulam -622 207",Pudukkotai,188,31.12.2010,30.12.2012
97,"GPHC,  Arimalam -622 201 ",Pudukkotai,189,31.12.2010,30.12.2018
98,"GPHC,  T.Palur-612 904",Ariyalur ,190,07.01.2011,06.01.2017
99,"GPHC,  Karai ",Perambalur ,192,07.01.2011,06.01.2015
100,"GPHC,  Viralimalai ",Pudukkottai,193,12.01.2011,11.01.2019
101,"GPHC,  Karungalakudi ",Madurai ,196,07.02.2011,06.02.2019
102,"GPHC,  Thiruvegampet ",Sivagangai ,197,07.02.2011,06.02.2019
103,"GPHC, Chellampatti 625 566",Madurai ,198,07.02.2011,06.02.2019
104,"GPHC,  Kallandiri ",Madurai ,199,07.02.2011,06.02.2015
105,"GPHC,  Elumalai",Madurai ,200,07.02.2011,06.02.2017
106,"GPHC,  Puduvayal -620 108 ",Sivagangai ,201,07.02.2011,06.02.2017
107,"GPHC,  Natrampalli",Vellore ,202,10.02.2011,09.02.2015
108,"GPHC,  Muthananthal",Sivagangai ,203,10.02.2011,09.02.2019
109,"GH,  Thuraiyur",Trichy ,204,22.02.2013,21.02.2017
110,"GCHC, Kariangalam",Dharmapuri ,205,22.02.2011,21.02.2017
111,"GPHC, Sendamaram -627857 ",Tirunelveli,206,02.03.2011,01.03.2019
112,"GPHC,  Pavoorchatram ",Tirunelveli ,207,02.03.2011,01.03.2019
113,"GPHC, Alangulam -627 851", Tirunelveli,208,05.03.2011,04.03.2013
114,"GUPHC,  Morappur, ",Dharmapuri ,209,05.03.2011,04.03.2019
115,"GCHC,  Marandahalli ",Dharmapuri ,210,17.03.2011,08.03.2017
116,"GPHC,  Kilpennethur ",Tiruvannamalai ,211,17.03.2011,16.03.2017
117,"GPHC,  Pathamadai-627 453 ",Tirunelveli ,212,30.03.2011,29.03.2017
118,"GPHC,  Kallur- 627010",Tirunelveli ,214,30.03.2011,29.03.2019
119,"GPHC,  Mukkudal -627 601",Tirunelvei ,215,30.03.2011,29.03.2019
120,"GPHC, Pattinam -623 514",Ramanathapuram ,216,30.03.2011,29.03.2013
121,"GPHC,  R.S. Mangalam ",Ramanathapuram ,217,30.03.2011,29.03.2019
122,"GPHC,  Kadayam ",Tirunelveli,218,30.03.2011,29.03.2019
123,"GPHC,  Uchipuli ",Ramanathapuram ,219,30.03.2011,29.03.2017
124,"GPHC,  Thiyagadurgam, ",Villupuram ,220,21.04.2011,20.04.2015
125,"GPHC,  Mugaiyur- 605 755",Villupuram ,221,21.04.2011,20.04.2019
126,"GPHC, Kachirapalayam ",Villupuram ,222,21.04.2013,20.04.2017
127,"GPHC,  Iruvelpattu-607 701",Villupuram ,223,09.05.2011,08.05.2017
128,"GPHC,  Karamadai -641104", Coimbatore ,224,09.05.2011,08.05.2019
129,"GPHC,  Vadalur -607 303",Cuddalore ,225,09.05.2011,08.05.2019
130,"GPHC, Sathiya Vijayanagaram-632 317 ",TV.Malai ,226,09.05.2011,08.05.2019
131,"GPHC, Mailam-604 304  ",Villpuram ,227,14.05.2011,13.05.2019
132,"GPHC,  Puduchatram  ",Cuddalore ,228,14.05.2011,13.05.2017
133,"GPHC,  Thirukkurungudi  627 115",Tirunelveli ,229,14.05.2011,13.05.2019
134,"GPHC,  Pudur- 628 905",Thoothukudi ,230,20.05.2011,19.05.2015
135,"GPHC,  Thellar -604406 ",Tiruvannamalai ,231,20.05.2011,19.05.2017
136,"GPHC, Thandarampattu-614627 ",Thanjavur,233,01.06.2013,31.05.2017
137,"GPHC,  Melattur-614301 ",Thanjavur,234,01.06.2011,31.05.2017
138,"GPHC,  Thiruvonam",Thanjavur ,235,01.06.2011,31.05.2017
139,"GUPHC, Kundrathur-600069",Kancheepuram ,236,01.06.2011,31.05.2015
140,"GPHC, Perungattur-604402",Tiruvannamalai ,237,01.06.2011,31.05.2019
141,"GPHC, Chepet ,Polur -606 904",Tiruvannamalai ,238,01.06.2011,31.05.2017
142,"GPHC,  Elathur- 627 803",Tirunelveli,239,09.06.2011,31.05.2017
143,"GCHC,  Meenasuruty  ",Ariyalur,240,09.06.2011,08.06.2019
144,"GPHC, Nandivaram-603202",Kancheepuram ,241,09.06.2011,08.06.2017
145,"GUPHC,  Walajabad",Kancheepuram  ,243,15.06.2011,14.06.2013
146,"GPHC,  Thanrampet- 606707",Tiruvannamalai,245,11.07.2011,10.07.2013
147,"GUPHC, Ukkirankkottai- 627202",Tirunelveli,246,20.07.2011,19.07.2019
148,"GPHC, Thamarankottai-614613",Thanjavur ,248,20.07.2011,19.07.2019
149,"GPHC,  Periyapalayam",Thiruvallur,249,04.08.2011,03.08.2017
150,"GPHC,  Poolambadi -621110",Perambalur,250,04.08.2011,03.08.2013
151,"GUPHC, Ramakrishnarajupet ",Thiruvallur,251,04.08.2011,03.08.2015
152,"GUPHC, Velapady- 633 115",Salem,253,22.08.2011,21.08.2019
153,"GH,  Komarapalayam-638183",Namakkal,255,22.08.2011,21.08.2019
154,"GPHC,  Pappampatty-624621",Dindigul,256,26.08.2011,25.08.2017
155,"GPHC, Thiruppukuzhi",Kancheepuram,257,07.09.2011,08.09.2017
156,"GUPHC, Keeranur",Dindigul,258,07.09.2011,06.09.2013
157,"GPHC,  Vadamadurai ",Dindigul,259,07.09.2011,06.09.2017
158,"GPHC, Thuvakudi",Trichy,260,07.09.2013,06.09.2019
159,"GPHC,  Kattuputhur- 621207",Trichy,261,07.09.2011,06.09.2013
160,"GPHC,  Kallimanthayam",Dindigul,262,14.09.2011,13.09.2013
161,"GPHC, T.Pudur -621 217",Trichy,263,14.09.2011,13.09.2013
162,"GPHC,  Veeramachanpatti",Trichy,264,14.09.2013,13.09.2017
163,"GPHC,  Ammapalayam",Perambalur,265,26.09.2011,25.09.2017
164,"GH, Panruti- 607106",Cuddalore,266,26.09.2011,25.09.2019
165,"GPHC, Siruvanthadu",Villupuram,267,28.09.2011,27.09.2019
166,"GPHC,  Kallamanaickenpatti",Virudhunagar,269,28.09.2011,27.09.2015
167,"GH,  Sholinghur ",Vellore,270,28.09.2011,27.09.2017
168,"GPHC,  Nagudi, ",Pudukkottai,271,07.10.2011,06.10.2017
169,"GPHC,  Idaikazhinadu- 603 304",Kancheepruam,276,05.12.2011,04.12.2013
170,"GCHC,  Madhanur -635804",Vellore,277,29.12.2011,28.12.2017
171,"GCHC,  Andiyappanur- 635702",Vellore,278,29.12.2011,28.12.2019
172,"GCHC, Vaduganthangal Katpadi- 632204",Vellore,279,29.12.2011,28.12.2019
173,"GCHC, Alangayam",Vellore,280,29.12.2011,28.12.2013
174,"GPHC,  Thally ",Krishnagiri,281,29.12.2011,28.12.2015
175,"GPHC,  Alanganallur- 625501",Madurai,282,29.12.2011,28.12.2017
176,"GPHC,  Srimushnam- 608708",Cuddalore,283,09.01.2012,08.01.2014
177,"GPHC, Naduveerapattu ",Cuddalore,284,09.01.2012,08.01.2014
178,"GCHC, Pudupettai- 635651",Vellore,285,09.01.2012,08.01.2014
179,"GCHC, Nariyambattu",Vellore,286,23.01.2012 ,22.01.2018
180,"GH, Denkanikottai",Krishnagiri,288,02.02.2012,01.02.2016
181,"Govt.  Maternity Hospital, Rajapalayam",Virudhunagar,291,01.03.2012,29.02.2016
182,"GH, Sattur",Vridhunagar,292,01.03.2012,28.02.2018
183,"GPHC, Rajakkamangalamthurai ",Kanyakumari,293,01.03.2012,28.02.2014
184,"GPHC,  Kuttakuzhi",Kanyakumari,294,01.03.2012,28.02.2014
185,"GPHC,  Kothanallure",Kanyakumari,295,01.03.2012,29.02.2018
186,"GUPHC, Mecheri",Salem,296,07.03.2012,06.03.2014
187,"GPHC,  Kelamangalam",Krishnagiri,297,07.03.2012,06.03.2018
188,"GH,  Uthangarai",Krishnagiri,298,14.03.2012,13.03.2018
189,"GH, Omalur",Salem,299,27.03.2012,26.03.2018
190,"GH, Kadayanallur",Tirunelveli,302,08.05.2012,07.05.2016
191,"GH, Pernambut",Vellore,305,29.05.2012,28.05.2014
192,"GPHC,  T.Kallupatti",Madurai,306,30.05.2012,29.05.2018
193,"GPHC,  Sadras-603102",Kancheepuram,307,08.06.2012,07.06.2018
194,"GPHC, Kodanadu ",Ooty,308,18.06.2012,17.06.2018
195,"GH, Kotagiri",Ooty,309,18.06.2012,17.06.2018
196,"GPHC,  Ariyappapuram",Tirunelveli,310,18.06.2012,17.06.2018
197,"GCHC, Chinnadharapuram",Karur,311,21.06.2012,20.06.2018
198,"GPHC, Mylampatty",Karur,313,27.06.2012,26.06.2014
199,"GPHC,  Panjapaty",Karur,314,27.06.2012,26.06.2018
200,"GUPHC, Elampillai",Salem,318,19.07.2012,18.07.2018
201,"GPHC, Thozhudur ",Cuddalore,319,30.07.2012,29.07.2018
202,"GPHC, Thatchur -632326 ",T.V.Malai,320,30.07.2012,29.07.2016
203,"GH, Sathankulam",Tuticorin,321,30.07.2012,29.07.2018
204,"Arignar Anna Govt. Taluk
Hospital, Sriperumbudur
",Kancheepuram,322,30.07.2012,29.07.2018
205,"GPHC, Thalaivasal-636112",Salem,323,21.08.2012,20.08.2018
206,"GPHC, Oraiyur -607108",Cuddalore,324,21.08.2012,20.08.2018
207,"GPHC,  Thammampatty",Salem,325,21.08.2012,20.08.2018
208,"GPHC,  Kolathur-636303",Salem,326,21.08.2012,20.08.2018
209,"GPHC, Vikkiravandi-605652",Villupuram,327,21.08.2012,20.08.2018
210,"GUPHC, Polur-606 908",T.V.Malai,328,08.11.2012,07.11.2014
211,"GPHC,  Vadakaraikilpidagai - 627812",Tiruvelveli,329,08.11.2012,07.11.2018
212,"GPHC, Dombuchery-625582",Theni,330,16.11.2012,15.11.2014
213,"GPHC,  Kadamalai,",Theni,331,16.11.2012,15.11.2014
214,"GPHC,  Checkkanoorani,",Madurai,332,16.11.2012,15.11.2018
215,"GPHC, Kaverpattinam-635112 ",Krishnagiri,333,06.12.2012,05.12.2018
216,"Govt. Pentland Hospital
GPH Road, Vellore -1
",Vellore,334,12.12.2012,11.12.2018
217,"GUPHC,Bargur -635 104",Krishnagiri,335,12.12.2012,20.12.2017
218,"GH, Polur – 606 803",Tiruvannamalai,336,09.01.2013,08.01.2019
219,"GUPHC, Karipatti –636 106",Salem,337,09.01.2013,08.01.2015
220,"Govt. Raja Mirasudhar Hospital, Thanjavur-613 001",Thanjavur,338,09.01.2013,08.01.2019
221,"GUPHC,  Sithayankottai",Dindigul,339,09.01.2013,08.01.2014
222,"GPHC, Veerapandi",Theni,340,28.01.2013,27.01.2017
223,"GCHC, Chinnalapatty-624 301",Dindigul,342,01.02.2013,31.01.2015
224,"GPHC, Kannankurichi-636008",Salem,343,27.02.2013,26.02.2017
225,"GPHC, Tharamangalam",Salem,344,27.02.2013,26.02.2017
226,"GCHC, Kannivadi – 624 705",Dindigul,345,27.02.2013,26.02.2017
227,"Govt. District Headquarters Hospital, Rarees Materinity wing, Pudukkottai",Pudukkottai,348,04.03.2013,03.03.2017
228,"GPHC, Thirumanur",Ariyalur,349,14.03.2013,13.03.2017
229,"GPHC, Sathiyamangalam",Villupuram,350,14.03.2013,13.03.2019
230,"GUPHC, Mekalachinnam  Palli",Krishnagiri,351,14.03.2013,13.03.2015
231,"GPHC,  Kunnur 626 138",Virudhunagar,353,19.03.2013,18.03.2019
232,"GPHC,  Ketty",Nilgiri,355,27.03.2013,26.03.2019
233,"GPHC, Guruvareddiyur638504",Erode,356,03.04.2013,02.04.2017
234,"GPHC, Mulanur – 638 106",Tiruppur,357,03.04.2013,02.04.2019
235,"GPHC,  Vasudevanallur",Tirunelveli,358,03.04.2013,02.04.2019
236,"GPHC,  Thondi",Ramanathpuram,359,18.04.2013,17.04.2015
237,"GPHC, Thisaiyanvillai 627657",Tirunelveli,360,30.04.2013,29.04.2019
238,"GPHC, Nangavalli  636454",Salem,361,30.04.2013,29.04.2017
239,"GPHC, Panagudi 627 209",Tirunelveli,362,30.04.2013,29.04.2019
240,"GPHC,  Muthur  638105",Tiruppur,365,20.05.2013,19.05.2019
241,"GH, Kodaikanal",Dindigul,367,20.05.2013,19.05.2019
242,"GPHC, Gopalapuram 626 112",Virudhunagar,369,29.05.2013 ,28.05.2015
243,"GPHC, Pandalgudi – 626 113",Virudhunagar,370,29.05.2013 ,28.05.2015
244,"GPHC, Kanniseripudhur",Virudhunagar,371,29.05.2013,28.05.2015
245,"GPHC, P.Puliampatti, 638 459",Erode,372,25.06.2013,24.06.2015
246,"GUPHC, Madukkarai 641105",Coimbatore ,373,25.06.2013 ,24.06.2017
247,"GPHC,  Sundakkamutthur ",Coimbatore,374,25.06.2013,24.06.2017
248,"GPHC,  Veeracholan- 626 612 ",Virudhunagar,375,25.06.2013,24.06.2015
249,"GUPHC, Nerkuppai",Sivagangai ,376,25.06.2013 ,24.06.2019
250,"GPHC,  Kadugur",Ariyalur,377,01.07.2013,30.06.2017
251,"GPHC,  Mangalur-606 108",Guddalore,378,24.07.2013,23.07.2017
252,"GUPHC, Tiruvallur",Thiruvallur,379,24.07.2013,23.07.2019
253,"GPHC,  Budalur – 613 602",Thanjavur,380,24.07.2013,23.07.2015
254,"GPHC,  V.Puram",Coimbatore,381,24.07.2013,23.07.2017
255,"GUPHC, Chinna Salem ",Villupuram,382,24.07.2013,23.07.2017
256,"GPHC,  Nathakadaiyur ",Tiruppur,384,30.07.2013,29.07.2015
257,"GPHC,  Inamkulathur",Trichy,386,02.09.2013,01.09.2015
258,"GH, Chengam – 606 709",Tiruvannamalai,387,02.09.2013,01.09.2019
259,"Government Sivagangai Medical College Hospital, SivagangaI",Sivagangai,388,26.10.2013,25.10.2017
260,"GHQH, Ramanathapuram",Ramnadapuram,389,26.10.2013,25.10.2015
261,"GH, Karaikudi-630001",Sivagangai,390,26.10.2013,25.10.2015
262,"GH, Sivakasi",Virudhunagar,391,26.10.2013,25.10.2015
263,"GHQH,  Virudhunagar",Virudhunagar,392,26.10.2013,25.10.2015
264,"GH,  Aruppukottai",Virudhunagar,393,26.10.2013,25.10.2017
265,"GHQH, Koilpatti",Tuticorin,394,26.10.2013,25.10.2015
266,"GHQH, Tenkasi",Tuticorin,395,26.10.2013,25.10.2015
267,"GHQH, Thuckalay, Kanyakumari ",Kanyakumari,396,26.10.2013,25.10.2015
268,"Therrthepatty Government Hospital, Ambasamutram",,397,26.10.2013,25.10.2015
269,"GH, Sankarankoil",Tirunelveli,398,26.10.2013,25.10.2017
270,"GDHQH, Periyakulam",Theni,399,28.10.2013,27.10.2019
271,"GH, Palani",Dindigul,401,28.10.2013,27.10.2015
272,"GH, Rasipuram",Namakkal,402,28.10.2013,27.10.2015
273,"Government Tiruvannamalai Medical College Hospital, Tiruvannamalai ",Tiruvannamalai,403,28.10.2013,27.10.2017
274,"GH, Arakonam",Vellore,404,28.10.2013,27.10.2015
275,"GH, Wallajapet",Vellore,405,28.10.2013,27.10.2015
276,"GH,  Attur",Salem,406,28.10.2013,27.10.2019
277,"GH, Thiruchengodu",Namakkal,407,28.10.2013,27.10.2017
278,"GHQH, Krishnagiri",Krishnagiri,408,29.10.2013,28.10.2019
279,"GH, Hosur",Krishnagiri,409,29.10.2013,28.10.2015
280,"Government Dharmapuri Medical College Hospital, Dharmapuri",Dharmapuri,410,29.10.2013,28.10.2017
281,"GHQH,  Mettur Dam",Salem,411,29.10.2013,28.10.2017
282,"Government Head Quarters Hospital, Namakkal",Namakkal,412,29.10.2013,28.10.2015
283,"GHQH,  Erode",Erode,413,29.10.2013,28.10.2015
284,"GHQH, Tirupur",Tirupur,414,29.10.2013,28.10.2015
285,"GH, Mettupalayam",Coimbatore,415,29.10.2013,28.10.2015
286,"GHQH, Pollachi",Coimbatore,416,29.10.2013,28.10.2015
287,"GH, Udumalpet",Tirupur,417,29.10.2013,28.10.2017
288,"GHQH,  Ooty",Ooty,418,29.10.2013,28.10.2017
289,"GH,  Coonoor",Ooty,419,29.10.2013,28.10.2019
290,"GH, Dharapuram",Tirupur,420,29.10.2013,28.10.2019
291,"GHQH, Tiruvallur",Tiruvallur,421,30.10.2013,29.10.2017
292,"I.O.G Hospital for Women and Children, Chennai-8",Chennai,422,30.10.2013,29.10.2015
293,"Government RSRM Hospital, Chennai-13",Chennai,423,30.10.2013,29.10.2015
294,"GHQH, Kumbakonam",Thanjavur,424,30.10.2013,29.10.2017
295,"GH, Myladudurai",Nagapattinam,425,30.10.2013,29.10.2015
296,"GHQH, Nagapattinam",Nagapattinam,426,30.10.2013,29.10.2015
297,"Government Thiruvarur Medical College Hospital, Tiruvarur",Tiruvarur,427,30.10.2013,29.10.2015
298,"GHQH, Manaparai",Trichy,429,30.10.2013,29.10.2015
299,"GH, Kamaraj Hospital, Chidambaram",Cuddalore,430,30.10.2013,29.10.2017
300,"GH, Royapettah",Chennai,431,30.10.2013,29.10.2019
301,"GH,  Viridhachalam",Cuddalore,432,30.10.2013,29.10.2019
302,"GHQH, Karur",Karur,433,30.10.2013,29.10.2015
303,"GH,  Ulundurpet",Villupuram,434,30.10.2013,29.10.2015
304,"Government Vilupuram Medical College Hospital, Vilupuram.",Villupuram,435,30.10.2013,29.10.2017
305,"GHQH,  Cuddalore",Cuddalore,436,30.10.2013,29.10.2019
306,"GHQH, Perambalur",Perambalur,437,30.10.2013,29.10.2015
307,"GHQH, Kancheepuram",Kancheepuram,438,30.10.2013,29.10.2015
308,"GH,  Maduranthangam",Kancheepuram,439,30.10.2013,29.10.2015
309,"Government   Arignar   Anna Memorial Cancer Hospital, Karaipettai",Kancheepuram,440,30.10.2013,29.10.2015
310,"GPHC, Katchur -602 026",Tiruvallur,441,20.11.2013,19.11.2017
311,"GPHC, Kannankudi-630318",Sivagangai,442,20.11.2013,19.11.2019
312,"GPHC, Mylambadi",Erode,443,03.12.2013,02.12.2017
313,"GPHC, Veppanampalli 635121",Krishnagiri,444,03.12.2013,02.12.2015
314,"GPHC,  Karungulam",Tuticorin,447,17.01.2014,16.01.2018
315,"GH, Karaikudi, Sivagangai",Sigagangai,448,17.01.2014,16.01.2020
316,"GH, Srivaikundam",Tuticorin,449,17.01.2014,16.01.2018
317,"GPHC, Kalambur- 606 903",Thiruvannamalai,450,17.01.2014,16.01.2018
318,"GUPHC,  Thoppur, ",Dharmapuri ,452,06.02.2014,05.02.2016
319,"GUPHC, Uppathur -626 205",Virudhunagar,453,06.02.2014,05.02.2018
320,"GH, Alangudi – 622 301 ",Pudukottai ,454,14.02.2014,13.02.2018
321,"GPHC,  Devadanapatty",Madurai,455,14.02.2014,13.02.2016
322,"GPHC,  Thayampalayam, ",Thiruppur ,456,14.02.2014,13.02.2018
323,"TN  Multi Super Speciality Hospital, Omandurar Estate, Chennai-2",Chennai ,457,14.02.2014,13.02.2018
324,"GPHC,  Kattampoondi ",Thiruvannamalai,458, 18.03.2014,  17.03.2018
325,"GPHC, Thirupparankundram",Madurai,461, 18.03.2014,  17.03.2016
326,"GPHC, Puthanatham  ",Trichy District,463, 18.03.2014,  17.03.2018
327,"Govt. Hospital, Rajapalayam",Virudhunagar ,464,  26.03.2014,25.03.2016
328,"GUPHC,Vettavalam",T.V. Malai,469,  06.06.2014,05.06.2018
329,"GH,  Nanguneri ",Tirunelveli,470,  06.06.2014,06.06.2018
330,"GUPHC, Vazhur, Vandavasi ",T.V. Malai,471,  06.06.2014,06.06.2016
331,"GPHC,  Kelambakkam",Kancheepuram ,472,  06.06.2014, 06.06.2016
332,"GPHC, Thirupoondi ",Thanjavur,473, 24 .06.2014,  23.06.2014
333,"GDHQH, Pennagaram ",Salem,476,17.09.2014,16.09.2018
334,"GPHC,  Kumaratchi ",Cuddalore,478,29.09.2014,28.09.2018
335,"GPHC,  Anniyur – 605 202",Villupuram,480,21.10.2014,15.10.2018
336,"GPHC, Patteeswaram612703",Thanjavur ,481,21.10.2014,20.10.2016
337,"GPHC, Samayanalur",Madurai,483,13.11.2014,12.11.2016
338,"GPHC,  Naducauvery",Thanjavur,488,27.01.2015,26.01.2017
339,"GH, Vedaranyam",Nagapattinam,493,17.04.2015,16.04.2019
340,"GUPHC, Mallasamudram",Namakkal ,495,29.04.2015,28.04.2019
341,"GPHC,  V.Pudur",Sivgangai,497,14.05.2015,13.05.2017
342,"GPHC,  Theerthanagiri",Cuddalore,498,14.05.2015,13.05.2017
343,"Govt. Talik Hospital,  Bhuvanagiri",Cuddalore,499,29.05.2015,28.05.2019
344,"GPHC,  Anchetty",Krishnagiri,500,14.05.2015,13.05.2017
345,"GPHC, Marungur",Cuddalore,501,29.05.2015,28.05.2019
346,"GPHC, Ponbethi",Pudhukottai,504,24.08.2015,23.08.2017
347,"GPHC,  Kandamanadi",Villupuram,505,21.08.2015,20.08.2017
348,"GPHC, Thiruchopuram",Cuddalore,506,25.08.2015,24.08.2017
349,"GPHC, Karaikadu",Cuddalore,508,18.09.2015,19.09.2017
350,"GPHC,  Sillathur ",Thanjavur,509,22.09.2015,21.09.2017
351,"GCHC, Kariyalur",Villupuram,511,11.11.2015,10.11.2017
352,"GPHC, Malaiyur ",Pudukkottai,512,19.11.2015,18.11.2017
353,"GUPHC, Kadathur",,515,09.01.2016,08.01.2018
354,"GPHC, Naduveerapattu",Cuddalore,518,02.02.2016,01.02.2018
355,"GPHC, Kolakkanatham ",Perambalur,519,02.02.2016,01.02.2018
356,"GPHC, Thiruventhipuram",Cuddalore,522,29.02.2016,28.02.2018
357,"GUPHC, Ervadi- 623515",Ramanathapuram,528,21.06.2016,20.06.2018
358,"GPHC, Nainarkoil",Ramanathapuram,529,08.07.2016,07.07.2018
359,"GPHC, Ayangudi",Cuddalore,530,21.07.2016,20.07.2018
360,"GGH, Nungambakkam",Chennai,531,29.07.2016,28.07.2018
361,"GPHC, Sirkali",Nagapattinam,532,26.08.2016,25.08.2018
362,"GUPHC, Keeramangalam",Pudukkottai,533,24.08.2016,23.08.2018
363,"GPHC, Konerirajapuram",Nagapattinam,534,26.08.2016,25.08.2018
364,"GPHC, Thirumarugal",Nagapattinam,535,26.08.2016,25.08.2018
365,"GUPHC, Vadakadu",Pudukkottai,536,24.08.2016,23.08.2018
366,"GUPHC, Parambur",Pudukkottai,537,05.08.2016,04.08.2018
367,"GPHC, Velliyur",Thiruvallur,538,12.08.2016,11.08.2018
368,"GUPHC, Thiruvengadu",Nagapattinam,539,26.08.2016,25.08.2018
369,"GUPHC, Thevur",Nagapattinam,540,24.08.2016,23.08.2018
370,"GUPHC, Thalanayar",Nagapattinam,543,27.09.2016,26.09.2018
371,"GUPHC, Pennadam - 606105",Cuddalore,546,14.10.2016,13.10.2018
372,"GPHC, Valavanthinadu-637411",Namakkal,547,20.10.2016,19.10.2018
373,"Trauma Care Centre, Government Rajaji Hospital, Madurai",Madurai,551,07.11.2016,06.11.2018
374,"GPHC, Perumpannaiyur-612603",Thiruvarur,552,14.11.2016,13.11.2018
375,"GPHC, Periyapattinam-623523",Ramanathapuram,553,15.12.2016,14.12.2018
376,"GPHC, Puduruthamanur-621712",Trichy,554,29.12.2016,28.12.2018
377,"GUPHC, Alapatti - 635122",Krishnagiri,555,13.01.2017,12.01.2019
378,"GUPHC, Melpallipattu - 606 703",Tiruvannamalai,557,23.01.2017,22.01.2019
379,"GUPHC, Thirumakkottai - 641 017",Thiruvarur,560,31.01.2017,30.01.2019
380,"GUPHC, Ullikottai - 614 018",Thiruvarur,561,31.01.2017,30.01.2019
381,"GPHC, Sanganthi-Edaiyur - 614702",Thiruvarur,562,31.01.2017,30.01.2019
382,"GPHC, Vaduvur - 614 019",Thiruvarur,563,31.01.2017,30.01.2019
383,"GPHC, Thiruvizhimizhalai",Thiruvarur,565,28.02.2017,27.02.2019
384,"GUPHC, Adiyakkamangalam",Thiruvarur,566,09.03.2017,08.03.2019
385,"Govt. Taluk Hospital, Sendamangalam",Namakkal,572,12.07.2017,11.07.2019
386,"Govt. Medical College Hospital, Pudukkottai",pudukkottai,580,16.10.2017,15.10.2019
387,"GUPHC, Jamunamarathur - 635703",Tiruvannamalai,581,20.10.2017,19.10.2019
388,"GH, Thirumayam - 622 507",pudukkottai,582,01.11.2017,31.10.2019
389,"GCHC, Nellakottai, Gudalur Block",The Nilgiris,585,26.12.2017,25.12.2019
390,"GPHC, Melur - 606 201",Villupuram,587,10.01.2018,09.01.2020
391,"GH, Kamuthi - 623 603",Ramanathapuram,592,09.03.2018,08.03.2020
